meeting_key,meeting_name,meeting_official_name,location,country_key,country_code,country_name,country_flag,circuit_key,circuit_short_name,circuit_type,circuit_info_url,circuit_image,gmt_offset,date_start,date_end,year,is_cancelled
1140,Pre-Season Testing,FORMULA 1 ARAMCO PRE-SEASON TESTING 2023,Sakhir,36,BRN,Bahrain,https://media.formula1.com/content/dam/fom-website/2018-redesign-assets/Flags%2016x9/bahrain-flag.png,63,Sakhir,Permanent,https://api.multiviewer.app/api/v1/circuits/63/2023,https://media.formula1.com/content/dam/fom-website/2018-redesign-assets/Track%20icons%204x3/Bahrain%20carbon.png,03:00:00,2023-02-23T07:00:00+00:00,2023-02-25T16:30:00+00:00,2023,False
1141,Bahrain Grand Prix,FORMULA 1 GULF AIR BAHRAIN GRAND PRIX 2023,Sakhir,36,BRN,Bahrain,https://media.formula1.com/content/dam/fom-website/2018-redesign-assets/Flags%2016x9/bahrain-flag.png,63,Sakhir,Permanent,https://api.multiviewer.app/api/v1/circuits/63/2023,https://media.formula1.com/content/dam/fom-website/2018-redesign-assets/Track%20icons%204x3/Bahrain%20carbon.png,03:00:00,2023-03-03T11:30:00+00:00,2023-03-05T17:00:00+00:00,2023,False
1142,Saudi Arabian Grand Prix,FORMULA 1 STC SAUDI ARABIAN GRAND PRIX 2023,Jeddah,153,KSA,Saudi Arabia,https://media.formula1.com/content/dam/fom-website/2018-redesign-assets/Flags%2016x9/saudi-arabia-flag.png,149,Jeddah,Temporary - Street,https://api.multiviewer.app/api/v1/circuits/149/2023,https://media.formula1.com/content/dam/fom-website/2018-redesign-assets/Track%20icons%204x3/Saudi Arabia%20carbon.png,03:00:00,2023-03-17T13:30:00+00:00,2023-03-19T19:00:00+00:00,2023,False
1143,Australian Grand Prix,FORMULA 1 ROLEX AUSTRALIAN GRAND PRIX 2023,Melbourne,5,AUS,Australia,https://media.formula1.com/content/dam/fom-website/2018-redesign-assets/Flags%2016x9/australia-flag.png,10,Melbourne,Temporary - Street,https://api.multiviewer.app/api/v1/circuits/10/2023,https://media.formula1.com/content/dam/fom-website/2018-redesign-assets/Track%20icons%204x3/Australia%20carbon.png,10:00:00,2023-03-31T02:30:00+00:00,2023-04-02T07:00:00+00:00,2023,False
1207,Azerbaijan Grand Prix,FORMULA 1 AZERBAIJAN GRAND PRIX 2023,Baku,30,AZE,Azerbaijan,https://media.formula1.com/content/dam/fom-website/2018-redesign-assets/Flags%2016x9/azerbaijan-flag.png,144,Baku,Temporary - Street,https://api.multiviewer.app/api/v1/circuits/144/2023,https://media.formula1.com/content/dam/fom-website/2018-redesign-assets/Track%20icons%204x3/Azerbaijan%20carbon.png,04:00:00,2023-04-28T09:30:00+00:00,2023-04-30T13:00:00+00:00,2023,False
1208,Miami Grand Prix,FORMULA 1 CRYPTO.COM MIAMI GRAND PRIX 2023,Miami,19,USA,United States,https://media.formula1.com/content/dam/fom-website/2018-redesign-assets/Flags%2016x9/united-states-flag.png,151,Miami,Temporary - Street,https://api.multiviewer.app/api/v1/circuits/151/2023,https://media.formula1.com/content/dam/fom-website/2018-redesign-assets/Track%20icons%204x3/Miami%20carbon.png,-04:00:00,2023-05-05T18:00:00+00:00,2023-05-07T21:30:00+00:00,2023,False
1209,Emilia Romagna Grand Prix,CALLED OFF: FORMULA 1 QATAR AIRWAYS GRAN PREMIO DEL MADE IN ITALY E DELL'EMILIA-ROMAGNA 2023,Imola,13,ITA,Italy,https://media.formula1.com/content/dam/fom-website/2018-redesign-assets/Flags%2016x9/italy-flag.png,6,Imola,Permanent,https://api.multiviewer.app/api/v1/circuits/6/2023,https://media.formula1.com/content/dam/fom-website/2018-redesign-assets/Track%20icons%204x3/Emilia-Romagna%20carbon.png,02:00:00,2023-05-19T11:30:00+00:00,2023-05-21T15:00:00+00:00,2023,True
1210,Monaco Grand Prix,FORMULA 1 GRAND PRIX DE MONACO 2023,Monaco,114,MON,Monaco,https://media.formula1.com/content/dam/fom-website/2018-redesign-assets/Flags%2016x9/monaco-flag.png,22,Monte Carlo,Temporary - Street,https://api.multiviewer.app/api/v1/circuits/22/2023,https://media.formula1.com/content/dam/fom-website/2018-redesign-assets/Track%20icons%204x3/Monaco%20carbon.png,02:00:00,2023-05-26T11:30:00+00:00,2023-05-28T15:00:00+00:00,2023,False
1211,Spanish Grand Prix,FORMULA 1 AWS GRAN PREMIO DE ESPAÑA 2023,Barcelona,1,ESP,Spain,https://media.formula1.com/content/dam/fom-website/2018-redesign-assets/Flags%2016x9/spain-flag.png,15,Catalunya,Permanent,https://api.multiviewer.app/api/v1/circuits/15/2023,https://media.formula1.com/content/dam/fom-website/2018-redesign-assets/Track%20icons%204x3/Spain%20carbon.png,02:00:00,2023-06-02T11:30:00+00:00,2023-06-04T15:00:00+00:00,2023,False
1212,Canadian Grand Prix,FORMULA 1 PIRELLI GRAND PRIX DU CANADA 2023,Montréal,46,CAN,Canada,https://media.formula1.com/content/dam/fom-website/2018-redesign-assets/Flags%2016x9/canada-flag.png,23,Montreal,Permanent,https://api.multiviewer.app/api/v1/circuits/23/2023,https://media.formula1.com/content/dam/fom-website/2018-redesign-assets/Track%20icons%204x3/Canada%20carbon.png,-04:00:00,2023-06-16T17:30:00+00:00,2023-06-18T20:00:00+00:00,2023,False
1213,Austrian Grand Prix,FORMULA 1 ROLEX GROSSER PREIS VON ÖSTERREICH 2023,Spielberg,17,AUT,Austria,https://media.formula1.com/content/dam/fom-website/2018-redesign-assets/Flags%2016x9/austria-flag.png,19,Spielberg,Permanent,https://api.multiviewer.app/api/v1/circuits/19/2023,https://media.formula1.com/content/dam/fom-website/2018-redesign-assets/Track%20icons%204x3/Austria%20carbon.png,02:00:00,2023-06-30T11:30:00+00:00,2023-07-02T15:00:00+00:00,2023,False
1214,British Grand Prix,FORMULA 1 ARAMCO BRITISH GRAND PRIX 2023,Silverstone,2,GBR,United Kingdom,https://media.formula1.com/content/dam/fom-website/2018-redesign-assets/Flags%2016x9/united-kingdom-flag.png,2,Silverstone,Permanent,https://api.multiviewer.app/api/v1/circuits/2/2023,https://media.formula1.com/content/dam/fom-website/2018-redesign-assets/Track%20icons%204x3/Great Britain%20carbon.png,01:00:00,2023-07-07T11:30:00+00:00,2023-07-09T16:00:00+00:00,2023,False
1215,Hungarian Grand Prix,FORMULA 1 QATAR AIRWAYS HUNGARIAN GRAND PRIX 2023,Budapest,14,HUN,Hungary,https://media.formula1.com/content/dam/fom-website/2018-redesign-assets/Flags%2016x9/hungary-flag.png,4,Hungaroring,Permanent,https://api.multiviewer.app/api/v1/circuits/4/2023,https://media.formula1.com/content/dam/fom-website/2018-redesign-assets/Track%20icons%204x3/Hungary%20carbon.png,02:00:00,2023-07-21T11:30:00+00:00,2023-07-23T15:00:00+00:00,2023,False
1216,Belgian Grand Prix,FORMULA 1 MSC CRUISES BELGIAN GRAND PRIX 2023,Spa-Francorchamps,16,BEL,Belgium,https://media.formula1.com/content/dam/fom-website/2018-redesign-assets/Flags%2016x9/belgium-flag.png,7,Spa-Francorchamps,Temporary - Road,https://api.multiviewer.app/api/v1/circuits/7/2023,https://media.formula1.com/content/dam/fom-website/2018-redesign-assets/Track%20icons%204x3/Belgium%20carbon.png,02:00:00,2023-07-28T11:30:00+00:00,2023-07-30T15:00:00+00:00,2023,False
1217,Dutch Grand Prix,FORMULA 1 HEINEKEN DUTCH GRAND PRIX 2023,Zandvoort,133,NED,Netherlands,https://media.formula1.com/content/dam/fom-website/2018-redesign-assets/Flags%2016x9/netherlands-flag.png,55,Zandvoort,Permanent,https://api.multiviewer.app/api/v1/circuits/55/2023,https://media.formula1.com/content/dam/fom-website/2018-redesign-assets/Track%20icons%204x3/Netherlands%20carbon.png,02:00:00,2023-08-25T10:30:00+00:00,2023-08-27T15:00:00+00:00,2023,False
1218,Italian Grand Prix,FORMULA 1 PIRELLI GRAN PREMIO D’ITALIA 2023 ,Monza,13,ITA,Italy,https://media.formula1.com/content/dam/fom-website/2018-redesign-assets/Flags%2016x9/italy-flag.png,39,Monza,Permanent,https://api.multiviewer.app/api/v1/circuits/39/2023,https://media.formula1.com/content/dam/fom-website/2018-redesign-assets/Track%20icons%204x3/Italy%20carbon.png,02:00:00,2023-09-01T11:30:00+00:00,2023-09-03T15:00:00+00:00,2023,False
1219,Singapore Grand Prix,FORMULA 1 SINGAPORE AIRLINES SINGAPORE GRAND PRIX 2023 ,Marina Bay,157,SGP,Singapore,https://media.formula1.com/content/dam/fom-website/2018-redesign-assets/Flags%2016x9/singapore-flag.png,61,Singapore,Temporary - Street,https://api.multiviewer.app/api/v1/circuits/61/2023,https://media.formula1.com/content/dam/fom-website/2018-redesign-assets/Track%20icons%204x3/Singapore%20carbon.png,08:00:00,2023-09-15T09:30:00+00:00,2023-09-17T14:00:00+00:00,2023,False
1220,Japanese Grand Prix,FORMULA 1 LENOVO JAPANESE GRAND PRIX 2023 ,Suzuka,4,JPN,Japan,https://media.formula1.com/content/dam/fom-website/2018-redesign-assets/Flags%2016x9/japan-flag.png,46,Suzuka,Permanent,https://api.multiviewer.app/api/v1/circuits/46/2023,https://media.formula1.com/content/dam/fom-website/2018-redesign-assets/Track%20icons%204x3/Japan%20carbon.png,09:00:00,2023-09-22T02:30:00+00:00,2023-09-24T07:00:00+00:00,2023,False
1221,Qatar Grand Prix,FORMULA 1 QATAR AIRWAYS QATAR GRAND PRIX 2023,Lusail,149,QAT,Qatar,https://media.formula1.com/content/dam/fom-website/2018-redesign-assets/Flags%2016x9/qatar-flag.png,150,Lusail,Permanent,https://api.multiviewer.app/api/v1/circuits/150/2023,https://media.formula1.com/content/dam/fom-website/2018-redesign-assets/Track%20icons%204x3/Qatar%20carbon.png,03:00:00,2023-10-06T13:30:00+00:00,2023-10-08T19:00:00+00:00,2023,False
1222,United States Grand Prix,FORMULA 1 LENOVO UNITED STATES GRAND PRIX 2023,Austin,19,USA,United States,https://media.formula1.com/content/dam/fom-website/2018-redesign-assets/Flags%2016x9/united-states-flag.png,9,Austin,Permanent,https://api.multiviewer.app/api/v1/circuits/9/2023,https://media.formula1.com/content/dam/fom-website/2018-redesign-assets/Track%20icons%204x3/United States%20carbon.png,-05:00:00,2023-10-20T17:30:00+00:00,2023-10-22T21:00:00+00:00,2023,False
1223,Mexico City Grand Prix,FORMULA 1 GRAN PREMIO DE LA CIUDAD DE MÉXICO 2023,Mexico City,8,MEX,Mexico,https://media.formula1.com/content/dam/fom-website/2018-redesign-assets/Flags%2016x9/mexico-flag.png,65,Mexico City,Permanent,https://api.multiviewer.app/api/v1/circuits/65/2023,https://media.formula1.com/content/dam/fom-website/2018-redesign-assets/Track%20icons%204x3/Mexico%20carbon.png,-06:00:00,2023-10-27T18:30:00+00:00,2023-10-29T22:00:00+00:00,2023,False
1224,São Paulo Grand Prix,FORMULA 1 ROLEX GRANDE PRÊMIO DE SÃO PAULO 2023,São Paulo,10,BRA,Brazil,https://media.formula1.com/content/dam/fom-website/2018-redesign-assets/Flags%2016x9/brazil-flag.png,14,Interlagos,Permanent,https://api.multiviewer.app/api/v1/circuits/14/2023,https://media.formula1.com/content/dam/fom-website/2018-redesign-assets/Track%20icons%204x3/Brazil%20carbon.png,-03:00:00,2023-11-03T14:30:00+00:00,2023-11-05T19:00:00+00:00,2023,False
1225,Las Vegas Grand Prix,FORMULA 1 HEINEKEN SILVER LAS VEGAS GRAND PRIX 2023,Las Vegas,19,USA,United States,https://media.formula1.com/content/dam/fom-website/2018-redesign-assets/Flags%2016x9/united-states-flag.png,152,Las Vegas,Temporary - Street,https://api.multiviewer.app/api/v1/circuits/152/2023,https://media.formula1.com/content/dam/fom-website/2018-redesign-assets/Track%20icons%204x3/Las Vegas%20carbon.png,-08:00:00,2023-11-17T04:30:00+00:00,2023-11-19T07:59:59+00:00,2023,False
1226,Abu Dhabi Grand Prix,FORMULA 1 ETIHAD AIRWAYS ABU DHABI GRAND PRIX 2023 ,Yas Island,21,UAE,United Arab Emirates,https://media.formula1.com/content/dam/fom-website/2018-redesign-assets/Flags%2016x9/united-arab-emirates-flag.png,70,Yas Marina Circuit,Permanent,https://api.multiviewer.app/api/v1/circuits/70/2023,https://media.formula1.com/content/dam/fom-website/2018-redesign-assets/Track%20icons%204x3/Abu Dhabi%20carbon.png,04:00:00,2023-11-24T09:30:00+00:00,2023-11-26T15:00:00+00:00,2023,False
1228,Pre-Season Testing,FORMULA 1 ARAMCO PRE-SEASON TESTING 2024,Sakhir,36,BRN,Bahrain,https://media.formula1.com/content/dam/fom-website/2018-redesign-assets/Flags%2016x9/bahrain-flag.png,63,Sakhir,Permanent,https://api.multiviewer.app/api/v1/circuits/63/2024,https://media.formula1.com/content/dam/fom-website/2018-redesign-assets/Track%20icons%204x3/Bahrain%20carbon.png,03:00:00,2024-02-21T07:00:00+00:00,2024-02-23T16:00:00+00:00,2024,False
1229,Bahrain Grand Prix,FORMULA 1 GULF AIR BAHRAIN GRAND PRIX 2024,Sakhir,36,BRN,Bahrain,https://media.formula1.com/content/dam/fom-website/2018-redesign-assets/Flags%2016x9/bahrain-flag.png,63,Sakhir,Permanent,https://api.multiviewer.app/api/v1/circuits/63/2024,https://media.formula1.com/content/dam/fom-website/2018-redesign-assets/Track%20icons%204x3/Bahrain%20carbon.png,03:00:00,2024-02-29T11:30:00+00:00,2024-03-02T17:00:00+00:00,2024,False
1230,Saudi Arabian Grand Prix,FORMULA 1 STC SAUDI ARABIAN GRAND PRIX 2024,Jeddah,153,KSA,Saudi Arabia,https://media.formula1.com/content/dam/fom-website/2018-redesign-assets/Flags%2016x9/saudi-arabia-flag.png,149,Jeddah,Temporary - Street,https://api.multiviewer.app/api/v1/circuits/149/2024,https://media.formula1.com/content/dam/fom-website/2018-redesign-assets/Track%20icons%204x3/Saudi Arabia%20carbon.png,03:00:00,2024-03-07T13:30:00+00:00,2024-03-09T19:00:00+00:00,2024,False
1231,Australian Grand Prix,FORMULA 1 ROLEX AUSTRALIAN GRAND PRIX 2024,Melbourne,5,AUS,Australia,https://media.formula1.com/content/dam/fom-website/2018-redesign-assets/Flags%2016x9/australia-flag.png,10,Melbourne,Temporary - Street,https://api.multiviewer.app/api/v1/circuits/10/2024,https://media.formula1.com/content/dam/fom-website/2018-redesign-assets/Track%20icons%204x3/Australia%20carbon.png,11:00:00,2024-03-22T01:30:00+00:00,2024-03-24T06:00:00+00:00,2024,False
1232,Japanese Grand Prix,FORMULA 1 MSC CRUISES JAPANESE GRAND PRIX 2024,Suzuka,4,JPN,Japan,https://media.formula1.com/content/dam/fom-website/2018-redesign-assets/Flags%2016x9/japan-flag.png,46,Suzuka,Permanent,https://api.multiviewer.app/api/v1/circuits/46/2024,https://media.formula1.com/content/dam/fom-website/2018-redesign-assets/Track%20icons%204x3/Japan%20carbon.png,09:00:00,2024-04-05T02:30:00+00:00,2024-04-07T07:00:00+00:00,2024,False
1233,Chinese Grand Prix,FORMULA 1 LENOVO CHINESE GRAND PRIX 2024,Shanghai,53,CHN,China,https://media.formula1.com/content/dam/fom-website/2018-redesign-assets/Flags%2016x9/china-flag.png,49,Shanghai,Permanent,https://api.multiviewer.app/api/v1/circuits/49/2024,https://media.formula1.com/content/dam/fom-website/2018-redesign-assets/Track%20icons%204x3/China%20carbon.png,08:00:00,2024-04-19T03:30:00+00:00,2024-04-21T09:00:00+00:00,2024,False
1234,Miami Grand Prix,FORMULA 1 CRYPTO.COM MIAMI GRAND PRIX 2024,Miami,19,USA,United States,https://media.formula1.com/content/dam/fom-website/2018-redesign-assets/Flags%2016x9/united-states-flag.png,151,Miami,Temporary - Street,https://api.multiviewer.app/api/v1/circuits/151/2024,https://media.formula1.com/content/dam/fom-website/2018-redesign-assets/Track%20icons%204x3/Miami%20carbon.png,-04:00:00,2024-05-03T16:30:00+00:00,2024-05-05T22:00:00+00:00,2024,False
1235,Emilia Romagna Grand Prix,FORMULA 1 MSC CRUISES GRAN PREMIO DEL MADE IN ITALY E DELL'EMILIA-ROMAGNA 2024,Imola,13,ITA,Italy,https://media.formula1.com/content/dam/fom-website/2018-redesign-assets/Flags%2016x9/italy-flag.png,6,Imola,Permanent,https://api.multiviewer.app/api/v1/circuits/6/2024,https://media.formula1.com/content/dam/fom-website/2018-redesign-assets/Track%20icons%204x3/Emilia-Romagna%20carbon.png,02:00:00,2024-05-17T11:30:00+00:00,2024-05-19T15:00:00+00:00,2024,False
1236,Monaco Grand Prix,FORMULA 1 GRAND PRIX DE MONACO 2024,Monaco,114,MON,Monaco,https://media.formula1.com/content/dam/fom-website/2018-redesign-assets/Flags%2016x9/monaco-flag.png,22,Monte Carlo,Temporary - Street,https://api.multiviewer.app/api/v1/circuits/22/2024,https://media.formula1.com/content/dam/fom-website/2018-redesign-assets/Track%20icons%204x3/Monaco%20carbon.png,02:00:00,2024-05-24T11:30:00+00:00,2024-05-26T15:00:00+00:00,2024,False
1237,Canadian Grand Prix,FORMULA 1 AWS GRAND PRIX DU CANADA 2024,Montréal,46,CAN,Canada,https://media.formula1.com/content/dam/fom-website/2018-redesign-assets/Flags%2016x9/canada-flag.png,23,Montreal,Permanent,https://api.multiviewer.app/api/v1/circuits/23/2024,https://media.formula1.com/content/dam/fom-website/2018-redesign-assets/Track%20icons%204x3/Canada%20carbon.png,-04:00:00,2024-06-07T17:30:00+00:00,2024-06-09T20:00:00+00:00,2024,False
1238,Spanish Grand Prix,FORMULA 1 ARAMCO GRAN PREMIO DE ESPAÑA 2024,Barcelona,1,ESP,Spain,https://media.formula1.com/content/dam/fom-website/2018-redesign-assets/Flags%2016x9/spain-flag.png,15,Catalunya,Permanent,https://api.multiviewer.app/api/v1/circuits/15/2024,https://media.formula1.com/content/dam/fom-website/2018-redesign-assets/Track%20icons%204x3/Spain%20carbon.png,02:00:00,2024-06-21T11:30:00+00:00,2024-06-23T15:00:00+00:00,2024,False
1239,Austrian Grand Prix,FORMULA 1 QATAR AIRWAYS AUSTRIAN GRAND PRIX 2024,Spielberg,17,AUT,Austria,https://media.formula1.com/content/dam/fom-website/2018-redesign-assets/Flags%2016x9/austria-flag.png,19,Spielberg,Permanent,https://api.multiviewer.app/api/v1/circuits/19/2024,https://media.formula1.com/content/dam/fom-website/2018-redesign-assets/Track%20icons%204x3/Austria%20carbon.png,02:00:00,2024-06-28T10:30:00+00:00,2024-06-30T15:00:00+00:00,2024,False
1240,British Grand Prix,FORMULA 1 QATAR AIRWAYS BRITISH GRAND PRIX 2024,Silverstone,2,GBR,United Kingdom,https://media.formula1.com/content/dam/fom-website/2018-redesign-assets/Flags%2016x9/united-kingdom-flag.png,2,Silverstone,Permanent,https://api.multiviewer.app/api/v1/circuits/2/2024,https://media.formula1.com/content/dam/fom-website/2018-redesign-assets/Track%20icons%204x3/Great Britain%20carbon.png,01:00:00,2024-07-05T11:30:00+00:00,2024-07-07T16:00:00+00:00,2024,False
1241,Hungarian Grand Prix,FORMULA 1 HUNGARIAN GRAND PRIX 2024,Budapest,14,HUN,Hungary,https://media.formula1.com/content/dam/fom-website/2018-redesign-assets/Flags%2016x9/hungary-flag.png,4,Hungaroring,Permanent,https://api.multiviewer.app/api/v1/circuits/4/2024,https://media.formula1.com/content/dam/fom-website/2018-redesign-assets/Track%20icons%204x3/Hungary%20carbon.png,02:00:00,2024-07-19T11:30:00+00:00,2024-07-21T15:00:00+00:00,2024,False
1242,Belgian Grand Prix,FORMULA 1 ROLEX BELGIAN GRAND PRIX 2024,Spa-Francorchamps,16,BEL,Belgium,https://media.formula1.com/content/dam/fom-website/2018-redesign-assets/Flags%2016x9/belgium-flag.png,7,Spa-Francorchamps,Temporary - Road,https://api.multiviewer.app/api/v1/circuits/7/2024,https://media.formula1.com/content/dam/fom-website/2018-redesign-assets/Track%20icons%204x3/Belgium%20carbon.png,02:00:00,2024-07-26T11:30:00+00:00,2024-07-28T15:00:00+00:00,2024,False
1243,Dutch Grand Prix,FORMULA 1 HEINEKEN DUTCH GRAND PRIX 2024,Zandvoort,133,NED,Netherlands,https://media.formula1.com/content/dam/fom-website/2018-redesign-assets/Flags%2016x9/netherlands-flag.png,55,Zandvoort,Permanent,https://api.multiviewer.app/api/v1/circuits/55/2024,https://media.formula1.com/content/dam/fom-website/2018-redesign-assets/Track%20icons%204x3/Netherlands%20carbon.png,02:00:00,2024-08-23T10:30:00+00:00,2024-08-25T15:00:00+00:00,2024,False
1244,Italian Grand Prix,FORMULA 1 PIRELLI GRAN PREMIO D’ITALIA 2024,Monza,13,ITA,Italy,https://media.formula1.com/content/dam/fom-website/2018-redesign-assets/Flags%2016x9/italy-flag.png,39,Monza,Permanent,https://api.multiviewer.app/api/v1/circuits/39/2024,https://media.formula1.com/content/dam/fom-website/2018-redesign-assets/Track%20icons%204x3/Italy%20carbon.png,02:00:00,2024-08-30T11:30:00+00:00,2024-09-01T15:00:00+00:00,2024,False
1245,Azerbaijan Grand Prix,FORMULA 1 QATAR AIRWAYS AZERBAIJAN GRAND PRIX 2024,Baku,30,AZE,Azerbaijan,https://media.formula1.com/content/dam/fom-website/2018-redesign-assets/Flags%2016x9/azerbaijan-flag.png,144,Baku,Temporary - Street,https://api.multiviewer.app/api/v1/circuits/144/2024,https://media.formula1.com/content/dam/fom-website/2018-redesign-assets/Track%20icons%204x3/Azerbaijan%20carbon.png,04:00:00,2024-09-13T09:30:00+00:00,2024-09-15T13:00:00+00:00,2024,False
1246,Singapore Grand Prix,FORMULA 1 SINGAPORE AIRLINES SINGAPORE GRAND PRIX 2024,Marina Bay,157,SGP,Singapore,https://media.formula1.com/content/dam/fom-website/2018-redesign-assets/Flags%2016x9/singapore-flag.png,61,Singapore,Temporary - Street,https://api.multiviewer.app/api/v1/circuits/61/2024,https://media.formula1.com/content/dam/fom-website/2018-redesign-assets/Track%20icons%204x3/Singapore%20carbon.png,08:00:00,2024-09-20T09:30:00+00:00,2024-09-22T14:00:00+00:00,2024,False
1247,United States Grand Prix,FORMULA 1 PIRELLI UNITED STATES GRAND PRIX 2024,Austin,19,USA,United States,https://media.formula1.com/content/dam/fom-website/2018-redesign-assets/Flags%2016x9/united-states-flag.png,9,Austin,Permanent,https://api.multiviewer.app/api/v1/circuits/9/2024,https://media.formula1.com/content/dam/fom-website/2018-redesign-assets/Track%20icons%204x3/United States%20carbon.png,-05:00:00,2024-10-18T17:30:00+00:00,2024-10-20T21:00:00+00:00,2024,False
1248,Mexico City Grand Prix,FORMULA 1 GRAN PREMIO DE LA CIUDAD DE MÉXICO 2024,Mexico City,8,MEX,Mexico,https://media.formula1.com/content/dam/fom-website/2018-redesign-assets/Flags%2016x9/mexico-flag.png,65,Mexico City,Permanent,https://api.multiviewer.app/api/v1/circuits/65/2024,https://media.formula1.com/content/dam/fom-website/2018-redesign-assets/Track%20icons%204x3/Mexico%20carbon.png,-06:00:00,2024-10-25T18:30:00+00:00,2024-10-27T22:00:00+00:00,2024,False
1249,São Paulo Grand Prix,FORMULA 1 LENOVO GRANDE PRÊMIO DE SÃO PAULO 2024,São Paulo,10,BRA,Brazil,https://media.formula1.com/content/dam/fom-website/2018-redesign-assets/Flags%2016x9/brazil-flag.png,14,Interlagos,Permanent,https://api.multiviewer.app/api/v1/circuits/14/2024,https://media.formula1.com/content/dam/fom-website/2018-redesign-assets/Track%20icons%204x3/Brazil%20carbon.png,-03:00:00,2024-11-01T14:30:00+00:00,2024-11-03T17:30:00+00:00,2024,False
1250,Las Vegas Grand Prix,FORMULA 1 HEINEKEN SILVER LAS VEGAS GRAND PRIX 2024,Las Vegas,19,USA,United States,https://media.formula1.com/content/dam/fom-website/2018-redesign-assets/Flags%2016x9/united-states-flag.png,152,Las Vegas,Temporary - Street,https://api.multiviewer.app/api/v1/circuits/152/2024,https://media.formula1.com/content/dam/fom-website/2018-redesign-assets/Track%20icons%204x3/Las Vegas%20carbon.png,-08:00:00,2024-11-22T02:30:00+00:00,2024-11-24T07:59:59+00:00,2024,False
1251,Qatar Grand Prix,FORMULA 1 QATAR AIRWAYS QATAR GRAND PRIX 2024,Lusail,149,QAT,Qatar,https://media.formula1.com/content/dam/fom-website/2018-redesign-assets/Flags%2016x9/qatar-flag.png,150,Lusail,Permanent,https://api.multiviewer.app/api/v1/circuits/150/2024,https://media.formula1.com/content/dam/fom-website/2018-redesign-assets/Track%20icons%204x3/Qatar%20carbon.png,03:00:00,2024-11-29T13:30:00+00:00,2024-12-01T18:00:00+00:00,2024,False
1252,Abu Dhabi Grand Prix,FORMULA 1 ETIHAD AIRWAYS ABU DHABI GRAND PRIX 2024,Yas Island,21,UAE,United Arab Emirates,https://media.formula1.com/content/dam/fom-website/2018-redesign-assets/Flags%2016x9/united-arab-emirates-flag.png,70,Yas Marina Circuit,Permanent,https://api.multiviewer.app/api/v1/circuits/70/2024,https://media.formula1.com/content/dam/fom-website/2018-redesign-assets/Track%20icons%204x3/Abu Dhabi%20carbon.png,04:00:00,2024-12-06T09:30:00+00:00,2024-12-08T15:00:00+00:00,2024,False
1253,Pre-Season Testing,FORMULA 1 ARAMCO PRE-SEASON TESTING 2025,Sakhir,36,BRN,Bahrain,https://media.formula1.com/content/dam/fom-website/2018-redesign-assets/Flags%2016x9/bahrain-flag.png,63,Sakhir,Permanent,https://api.multiviewer.app/api/v1/circuits/63/2025,https://media.formula1.com/content/dam/fom-website/2018-redesign-assets/Track%20icons%204x3/Bahrain%20carbon.png,03:00:00,2025-02-26T07:00:00+00:00,2025-02-28T16:00:00+00:00,2025,False
1254,Australian Grand Prix,FORMULA 1 LOUIS VUITTON AUSTRALIAN GRAND PRIX 2025,Melbourne,5,AUS,Australia,https://media.formula1.com/content/dam/fom-website/2018-redesign-assets/Flags%2016x9/australia-flag.png,10,Melbourne,Temporary - Street,https://api.multiviewer.app/api/v1/circuits/10/2025,https://media.formula1.com/content/dam/fom-website/2018-redesign-assets/Track%20icons%204x3/Australia%20carbon.png,11:00:00,2025-03-14T01:30:00+00:00,2025-03-16T06:00:00+00:00,2025,False
1255,Chinese Grand Prix,FORMULA 1 HEINEKEN CHINESE GRAND PRIX 2025,Shanghai,53,CHN,China,https://media.formula1.com/content/dam/fom-website/2018-redesign-assets/Flags%2016x9/china-flag.png,49,Shanghai,Permanent,https://api.multiviewer.app/api/v1/circuits/49/2025,https://media.formula1.com/content/dam/fom-website/2018-redesign-assets/Track%20icons%204x3/China%20carbon.png,08:00:00,2025-03-21T03:30:00+00:00,2025-03-23T09:00:00+00:00,2025,False
1256,Japanese Grand Prix,FORMULA 1 LENOVO JAPANESE GRAND PRIX 2025 ,Suzuka,4,JPN,Japan,https://media.formula1.com/content/dam/fom-website/2018-redesign-assets/Flags%2016x9/japan-flag.png,46,Suzuka,Permanent,https://api.multiviewer.app/api/v1/circuits/46/2025,https://media.formula1.com/content/dam/fom-website/2018-redesign-assets/Track%20icons%204x3/Japan%20carbon.png,09:00:00,2025-04-04T02:30:00+00:00,2025-04-06T07:00:00+00:00,2025,False
1257,Bahrain Grand Prix,FORMULA 1 GULF AIR BAHRAIN GRAND PRIX 2025,Sakhir,36,BRN,Bahrain,https://media.formula1.com/content/dam/fom-website/2018-redesign-assets/Flags%2016x9/bahrain-flag.png,63,Sakhir,Permanent,https://api.multiviewer.app/api/v1/circuits/63/2025,https://media.formula1.com/content/dam/fom-website/2018-redesign-assets/Track%20icons%204x3/Bahrain%20carbon.png,03:00:00,2025-04-11T11:30:00+00:00,2025-04-13T17:00:00+00:00,2025,False
1258,Saudi Arabian Grand Prix,FORMULA 1 STC SAUDI ARABIAN GRAND PRIX 2025,Jeddah,153,KSA,Saudi Arabia,https://media.formula1.com/content/dam/fom-website/2018-redesign-assets/Flags%2016x9/saudi-arabia-flag.png,149,Jeddah,Temporary - Street,https://api.multiviewer.app/api/v1/circuits/149/2025,https://media.formula1.com/content/dam/fom-website/2018-redesign-assets/Track%20icons%204x3/Saudi Arabia%20carbon.png,03:00:00,2025-04-18T13:30:00+00:00,2025-04-20T19:00:00+00:00,2025,False
1259,Miami Grand Prix,FORMULA 1 CRYPTO.COM MIAMI GRAND PRIX 2025,Miami Gardens,19,USA,United States,https://media.formula1.com/content/dam/fom-website/2018-redesign-assets/Flags%2016x9/united-states-flag.png,151,Miami,Temporary - Street,https://api.multiviewer.app/api/v1/circuits/151/2025,https://media.formula1.com/content/dam/fom-website/2018-redesign-assets/Track%20icons%204x3/Miami%20carbon.png,-04:00:00,2025-05-02T16:30:00+00:00,2025-05-04T22:00:00+00:00,2025,False
1260,Emilia Romagna Grand Prix,FORMULA 1 AWS GRAN PREMIO DEL MADE IN ITALY E DELL'EMILIA-ROMAGNA 2025,Imola,13,ITA,Italy,https://media.formula1.com/content/dam/fom-website/2018-redesign-assets/Flags%2016x9/italy-flag.png,6,Imola,Permanent,https://api.multiviewer.app/api/v1/circuits/6/2025,https://media.formula1.com/content/dam/fom-website/2018-redesign-assets/Track%20icons%204x3/Emilia-Romagna%20carbon.png,02:00:00,2025-05-16T11:30:00+00:00,2025-05-18T15:00:00+00:00,2025,False
1261,Monaco Grand Prix,FORMULA 1 TAG HEUER GRAND PRIX DE MONACO 2025,Monaco,114,MON,Monaco,https://media.formula1.com/content/dam/fom-website/2018-redesign-assets/Flags%2016x9/monaco-flag.png,22,Monte Carlo,Temporary - Street,https://api.multiviewer.app/api/v1/circuits/22/2025,https://media.formula1.com/content/dam/fom-website/2018-redesign-assets/Track%20icons%204x3/Monaco%20carbon.png,02:00:00,2025-05-23T11:30:00+00:00,2025-05-25T15:00:00+00:00,2025,False
1262,Spanish Grand Prix,FORMULA 1 ARAMCO GRAN PREMIO DE ESPAÑA 2025,Barcelona,1,ESP,Spain,https://media.formula1.com/content/dam/fom-website/2018-redesign-assets/Flags%2016x9/spain-flag.png,15,Catalunya,Permanent,https://api.multiviewer.app/api/v1/circuits/15/2025,https://media.formula1.com/content/dam/fom-website/2018-redesign-assets/Track%20icons%204x3/Spain%20carbon.png,02:00:00,2025-05-30T11:30:00+00:00,2025-06-01T15:00:00+00:00,2025,False
1263,Canadian Grand Prix,FORMULA 1 PIRELLI GRAND PRIX DU CANADA 2025,Montréal,46,CAN,Canada,https://media.formula1.com/content/dam/fom-website/2018-redesign-assets/Flags%2016x9/canada-flag.png,23,Montreal,Permanent,https://api.multiviewer.app/api/v1/circuits/23/2025,https://media.formula1.com/content/dam/fom-website/2018-redesign-assets/Track%20icons%204x3/Canada%20carbon.png,-04:00:00,2025-06-13T17:30:00+00:00,2025-06-15T20:00:00+00:00,2025,False
1264,Austrian Grand Prix,FORMULA 1 MSC CRUISES AUSTRIAN GRAND PRIX 2025,Spielberg,17,AUT,Austria,https://media.formula1.com/content/dam/fom-website/2018-redesign-assets/Flags%2016x9/austria-flag.png,19,Spielberg,Permanent,https://api.multiviewer.app/api/v1/circuits/19/2025,https://media.formula1.com/content/dam/fom-website/2018-redesign-assets/Track%20icons%204x3/Austria%20carbon.png,02:00:00,2025-06-27T11:30:00+00:00,2025-06-29T15:00:00+00:00,2025,False
1277,British Grand Prix,FORMULA 1 QATAR AIRWAYS BRITISH GRAND PRIX 2025,Silverstone,2,GBR,United Kingdom,https://media.formula1.com/content/dam/fom-website/2018-redesign-assets/Flags%2016x9/united-kingdom-flag.png,2,Silverstone,Permanent,https://api.multiviewer.app/api/v1/circuits/2/2025,https://media.formula1.com/content/dam/fom-website/2018-redesign-assets/Track%20icons%204x3/Great Britain%20carbon.png,01:00:00,2025-07-04T11:30:00+00:00,2025-07-06T16:00:00+00:00,2025,False
1265,Belgian Grand Prix,FORMULA 1 MOËT & CHANDON BELGIAN GRAND PRIX 2025,Spa-Francorchamps,16,BEL,Belgium,https://media.formula1.com/content/dam/fom-website/2018-redesign-assets/Flags%2016x9/belgium-flag.png,7,Spa-Francorchamps,Temporary - Road,https://api.multiviewer.app/api/v1/circuits/7/2025,https://media.formula1.com/content/dam/fom-website/2018-redesign-assets/Track%20icons%204x3/Belgium%20carbon.png,02:00:00,2025-07-25T10:30:00+00:00,2025-07-27T15:00:00+00:00,2025,False
1266,Hungarian Grand Prix,FORMULA 1 LENOVO HUNGARIAN GRAND PRIX 2025,Budapest,14,HUN,Hungary,https://media.formula1.com/content/dam/fom-website/2018-redesign-assets/Flags%2016x9/hungary-flag.png,4,Hungaroring,Permanent,https://api.multiviewer.app/api/v1/circuits/4/2025,https://media.formula1.com/content/dam/fom-website/2018-redesign-assets/Track%20icons%204x3/Hungary%20carbon.png,02:00:00,2025-08-01T11:30:00+00:00,2025-08-03T15:00:00+00:00,2025,False
1267,Dutch Grand Prix,FORMULA 1 HEINEKEN DUTCH GRAND PRIX 2025,Zandvoort,133,NED,Netherlands,https://media.formula1.com/content/dam/fom-website/2018-redesign-assets/Flags%2016x9/netherlands-flag.png,55,Zandvoort,Permanent,https://api.multiviewer.app/api/v1/circuits/55/2025,https://media.formula1.com/content/dam/fom-website/2018-redesign-assets/Track%20icons%204x3/Netherlands%20carbon.png,02:00:00,2025-08-29T10:30:00+00:00,2025-08-31T15:00:00+00:00,2025,False
1268,Italian Grand Prix,FORMULA 1 PIRELLI GRAN PREMIO D’ITALIA 2025,Monza,13,ITA,Italy,https://media.formula1.com/content/dam/fom-website/2018-redesign-assets/Flags%2016x9/italy-flag.png,39,Monza,Permanent,https://api.multiviewer.app/api/v1/circuits/39/2025,https://media.formula1.com/content/dam/fom-website/2018-redesign-assets/Track%20icons%204x3/Italy%20carbon.png,02:00:00,2025-09-05T11:30:00+00:00,2025-09-07T15:00:00+00:00,2025,False
1269,Azerbaijan Grand Prix,FORMULA 1 QATAR AIRWAYS AZERBAIJAN GRAND PRIX 2025,Baku,30,AZE,Azerbaijan,https://media.formula1.com/content/dam/fom-website/2018-redesign-assets/Flags%2016x9/azerbaijan-flag.png,144,Baku,Temporary - Street,https://api.multiviewer.app/api/v1/circuits/144/2025,https://media.formula1.com/content/dam/fom-website/2018-redesign-assets/Track%20icons%204x3/Azerbaijan%20carbon.png,04:00:00,2025-09-19T08:30:00+00:00,2025-09-21T13:00:00+00:00,2025,False
1270,Singapore Grand Prix,FORMULA 1 SINGAPORE AIRLINES SINGAPORE GRAND PRIX 2025,Marina Bay,157,SGP,Singapore,https://media.formula1.com/content/dam/fom-website/2018-redesign-assets/Flags%2016x9/singapore-flag.png,61,Singapore,Temporary - Street,https://api.multiviewer.app/api/v1/circuits/61/2025,https://media.formula1.com/content/dam/fom-website/2018-redesign-assets/Track%20icons%204x3/Singapore%20carbon.png,08:00:00,2025-10-03T09:30:00+00:00,2025-10-05T14:00:00+00:00,2025,False
1271,United States Grand Prix,FORMULA 1 MSC CRUISES UNITED STATES GRAND PRIX 2025,Austin,19,USA,United States,https://media.formula1.com/content/dam/fom-website/2018-redesign-assets/Flags%2016x9/united-states-flag.png,9,Austin,Permanent,https://api.multiviewer.app/api/v1/circuits/9/2025,https://media.formula1.com/content/dam/fom-website/2018-redesign-assets/Track%20icons%204x3/United States%20carbon.png,-05:00:00,2025-10-17T17:30:00+00:00,2025-10-19T21:00:00+00:00,2025,False
1272,Mexico City Grand Prix,FORMULA 1 GRAN PREMIO DE LA CIUDAD DE MÉXICO 2025,Mexico City,8,MEX,Mexico,https://media.formula1.com/content/dam/fom-website/2018-redesign-assets/Flags%2016x9/mexico-flag.png,65,Mexico City,Permanent,https://api.multiviewer.app/api/v1/circuits/65/2025,https://media.formula1.com/content/dam/fom-website/2018-redesign-assets/Track%20icons%204x3/Mexico%20carbon.png,-06:00:00,2025-10-24T18:30:00+00:00,2025-10-26T22:00:00+00:00,2025,False
1273,São Paulo Grand Prix,FORMULA 1 MSC CRUISES GRANDE PRÊMIO DE SÃO PAULO 2025,São Paulo,10,BRA,Brazil,https://media.formula1.com/content/dam/fom-website/2018-redesign-assets/Flags%2016x9/brazil-flag.png,14,Interlagos,Permanent,https://api.multiviewer.app/api/v1/circuits/14/2025,https://media.formula1.com/content/dam/fom-website/2018-redesign-assets/Track%20icons%204x3/Brazil%20carbon.png,-03:00:00,2025-11-07T14:30:00+00:00,2025-11-09T19:00:00+00:00,2025,False
1274,Las Vegas Grand Prix,FORMULA 1 HEINEKEN LAS VEGAS GRAND PRIX 2025,Las Vegas,19,USA,United States,https://media.formula1.com/content/dam/fom-website/2018-redesign-assets/Flags%2016x9/united-states-flag.png,152,Las Vegas,Temporary - Street,https://api.multiviewer.app/api/v1/circuits/152/2025,https://media.formula1.com/content/dam/fom-website/2018-redesign-assets/Track%20icons%204x3/Las Vegas%20carbon.png,-08:00:00,2025-11-21T00:30:00+00:00,2025-11-23T06:00:00+00:00,2025,False
1275,Qatar Grand Prix,FORMULA 1 QATAR AIRWAYS QATAR GRAND PRIX 2025,Lusail,149,QAT,Qatar,https://media.formula1.com/content/dam/fom-website/2018-redesign-assets/Flags%2016x9/qatar-flag.png,150,Lusail,Permanent,https://api.multiviewer.app/api/v1/circuits/150/2025,https://media.formula1.com/content/dam/fom-website/2018-redesign-assets/Track%20icons%204x3/Qatar%20carbon.png,03:00:00,2025-11-28T13:30:00+00:00,2025-11-30T18:00:00+00:00,2025,False
1276,Abu Dhabi Grand Prix,FORMULA 1 ETIHAD AIRWAYS ABU DHABI GRAND PRIX 2025,Yas Island,21,UAE,United Arab Emirates,https://media.formula1.com/content/dam/fom-website/2018-redesign-assets/Flags%2016x9/united-arab-emirates-flag.png,70,Yas Marina Circuit,Permanent,https://api.multiviewer.app/api/v1/circuits/70/2025,https://media.formula1.com/content/dam/fom-website/2018-redesign-assets/Track%20icons%204x3/Abu Dhabi%20carbon.png,04:00:00,2025-12-05T09:30:00+00:00,2025-12-07T15:00:00+00:00,2025,False
1304,Pre-Season Testing,FORMULA 1 ARAMCO PRE-SEASON TESTING 1 2026,Bahrain,36,BRN,Bahrain,https://media.formula1.com/content/dam/fom-website/2018-redesign-assets/Flags%2016x9/bahrain-flag.png,63,Sakhir,Permanent,https://api.multiviewer.app/api/v1/circuits/63/2026,https://media.formula1.com/content/dam/fom-website/2018-redesign-assets/Track%20icons%204x3/Bahrain%20carbon.png,03:00:00,2026-02-11T07:00:00+00:00,2026-02-13T16:00:00+00:00,2026,False
1305,Pre-Season Testing,FORMULA 1 ARAMCO PRE-SEASON TESTING 2 2026,Bahrain,36,BRN,Bahrain,https://media.formula1.com/content/dam/fom-website/2018-redesign-assets/Flags%2016x9/bahrain-flag.png,63,Sakhir,Permanent,https://api.multiviewer.app/api/v1/circuits/63/2026,https://media.formula1.com/content/dam/fom-website/2018-redesign-assets/Track%20icons%204x3/Bahrain%20carbon.png,03:00:00,2026-02-18T07:00:00+00:00,2026-02-20T16:00:00+00:00,2026,False
1279,Australian Grand Prix,FORMULA 1 QATAR AIRWAYS AUSTRALIAN GRAND PRIX 2026,Melbourne,5,AUS,Australia,https://media.formula1.com/content/dam/fom-website/2018-redesign-assets/Flags%2016x9/australia-flag.png,10,Melbourne,Temporary - Street,https://api.multiviewer.app/api/v1/circuits/10/2026,https://media.formula1.com/content/dam/fom-website/2018-redesign-assets/Track%20icons%204x3/Australia%20carbon.png,11:00:00,2026-03-06T01:30:00+00:00,2026-03-08T06:00:00+00:00,2026,False
1280,Chinese Grand Prix,FORMULA 1 HEINEKEN CHINESE GRAND PRIX 2026,Shanghai,53,CHN,China,https://media.formula1.com/content/dam/fom-website/2018-redesign-assets/Flags%2016x9/china-flag.png,49,Shanghai,Permanent,https://api.multiviewer.app/api/v1/circuits/49/2026,https://media.formula1.com/content/dam/fom-website/2018-redesign-assets/Track%20icons%204x3/China%20carbon.png,08:00:00,2026-03-13T03:30:00+00:00,2026-03-15T09:00:00+00:00,2026,False
1281,Japanese Grand Prix,FORMULA 1 ARAMCO JAPANESE GRAND PRIX 2026,Suzuka,4,JPN,Japan,https://media.formula1.com/content/dam/fom-website/2018-redesign-assets/Flags%2016x9/japan-flag.png,46,Suzuka,Permanent,https://api.multiviewer.app/api/v1/circuits/46/2026,https://media.formula1.com/content/dam/fom-website/2018-redesign-assets/Track%20icons%204x3/Japan%20carbon.png,09:00:00,2026-03-27T02:30:00+00:00,2026-03-29T07:00:00+00:00,2026,False
1282,Bahrain Grand Prix,FORMULA 1 GULF AIR BAHRAIN GRAND PRIX 2026,Sakhir,36,BRN,Bahrain,https://media.formula1.com/content/dam/fom-website/2018-redesign-assets/Flags%2016x9/bahrain-flag.png,63,Sakhir,Permanent,https://api.multiviewer.app/api/v1/circuits/63/2026,https://media.formula1.com/content/dam/fom-website/2018-redesign-assets/Track%20icons%204x3/Bahrain%20carbon.png,03:00:00,2026-04-10T11:30:00+00:00,2026-04-12T17:00:00+00:00,2026,True
1283,Saudi Arabian Grand Prix,FORMULA 1 STC SAUDI ARABIAN GRAND PRIX 2026,Jeddah,153,KSA,Saudi Arabia,https://media.formula1.com/content/dam/fom-website/2018-redesign-assets/Flags%2016x9/saudi-arabia-flag.png,149,Jeddah,Temporary - Street,https://api.multiviewer.app/api/v1/circuits/149/2026,https://media.formula1.com/content/dam/fom-website/2018-redesign-assets/Track%20icons%204x3/Saudi Arabia%20carbon.png,03:00:00,2026-04-17T13:30:00+00:00,2026-04-19T19:00:00+00:00,2026,True
1284,Miami Grand Prix,FORMULA 1 CRYPTO.COM MIAMI GRAND PRIX 2026,Miami Gardens,19,USA,United States,https://media.formula1.com/content/dam/fom-website/2018-redesign-assets/Flags%2016x9/united-states-flag.png,151,Miami,Temporary - Street,https://api.multiviewer.app/api/v1/circuits/151/2026,https://media.formula1.com/content/dam/fom-website/2018-redesign-assets/Track%20icons%204x3/Miami%20carbon.png,-04:00:00,2026-05-01T16:00:00+00:00,2026-05-03T19:00:00+00:00,2026,False
1285,Canadian Grand Prix,FORMULA 1 LENOVO GRAND PRIX DU CANADA 2026,Montréal,46,CAN,Canada,https://media.formula1.com/content/dam/fom-website/2018-redesign-assets/Flags%2016x9/canada-flag.png,23,Montreal,Permanent,https://api.multiviewer.app/api/v1/circuits/23/2026,https://media.formula1.com/content/dam/fom-website/2018-redesign-assets/Track%20icons%204x3/Canada%20carbon.png,-04:00:00,2026-05-22T16:30:00+00:00,2026-05-24T22:00:00+00:00,2026,False
1286,Monaco Grand Prix,FORMULA 1 LOUIS VUITTON GRAND PRIX DE MONACO 2026,Monte Carlo,114,MON,Monaco,https://media.formula1.com/content/dam/fom-website/2018-redesign-assets/Flags%2016x9/monaco-flag.png,22,Monte Carlo,Temporary - Street,https://api.multiviewer.app/api/v1/circuits/22/2026,https://media.formula1.com/content/dam/fom-website/2018-redesign-assets/Track%20icons%204x3/Monaco%20carbon.png,02:00:00,2026-06-05T11:30:00+00:00,2026-06-07T15:00:00+00:00,2026,False
1287,Barcelona Grand Prix,FORMULA 1 MSC CRUISES GRAN PREMIO DE BARCELONA-CATALUNYA 2026,Barcelona,1,ESP,Spain,https://media.formula1.com/content/dam/fom-website/2018-redesign-assets/Flags%2016x9/spain-flag.png,15,Catalunya,Permanent,https://api.multiviewer.app/api/v1/circuits/15/2026,https://media.formula1.com/content/dam/fom-website/2018-redesign-assets/Track%20icons%204x3/Barcelona-Catalunya%20carbon.png,02:00:00,2026-06-12T11:30:00+00:00,2026-06-14T15:00:00+00:00,2026,False
1288,Austrian Grand Prix,FORMULA 1 LENOVO AUSTRIAN GRAND PRIX 2026,Spielberg,17,AUT,Austria,https://media.formula1.com/content/dam/fom-website/2018-redesign-assets/Flags%2016x9/austria-flag.png,19,Spielberg,Permanent,https://api.multiviewer.app/api/v1/circuits/19/2026,https://media.formula1.com/content/dam/fom-website/2018-redesign-assets/Track%20icons%204x3/Austria%20carbon.png,02:00:00,2026-06-26T11:30:00+00:00,2026-06-28T15:00:00+00:00,2026,False
1289,British Grand Prix,FORMULA 1 PIRELLI BRITISH GRAND PRIX 2026,Silverstone,2,GBR,United Kingdom,https://media.formula1.com/content/dam/fom-website/2018-redesign-assets/Flags%2016x9/united-kingdom-flag.png,2,Silverstone,Permanent,https://api.multiviewer.app/api/v1/circuits/2/2026,https://media.formula1.com/content/dam/fom-website/2018-redesign-assets/Track%20icons%204x3/Great Britain%20carbon.png,01:00:00,2026-07-03T11:30:00+00:00,2026-07-05T16:00:00+00:00,2026,False
1290,Belgian Grand Prix,FORMULA 1 MOËT & CHANDON BELGIAN GRAND PRIX 2026,Spa-Francorchamps,16,BEL,Belgium,https://media.formula1.com/content/dam/fom-website/2018-redesign-assets/Flags%2016x9/belgium-flag.png,7,Spa-Francorchamps,Temporary - Road,https://api.multiviewer.app/api/v1/circuits/7/2026,https://media.formula1.com/content/dam/fom-website/2018-redesign-assets/Track%20icons%204x3/Belgium%20carbon.png,02:00:00,2026-07-17T11:30:00+00:00,2026-07-19T15:00:00+00:00,2026,False
1291,Hungarian Grand Prix,FORMULA 1 AWS HUNGARIAN GRAND PRIX 2026,Budapest,14,HUN,Hungary,https://media.formula1.com/content/dam/fom-website/2018-redesign-assets/Flags%2016x9/hungary-flag.png,4,Hungaroring,Permanent,https://api.multiviewer.app/api/v1/circuits/4/2026,https://media.formula1.com/content/dam/fom-website/2018-redesign-assets/Track%20icons%204x3/Hungary%20carbon.png,02:00:00,2026-07-24T11:30:00+00:00,2026-07-26T15:00:00+00:00,2026,False
1292,Dutch Grand Prix,FORMULA 1 HEINEKEN DUTCH GRAND PRIX 2026,Zandvoort,133,NED,Netherlands,https://media.formula1.com/content/dam/fom-website/2018-redesign-assets/Flags%2016x9/netherlands-flag.png,55,Zandvoort,Permanent,https://api.multiviewer.app/api/v1/circuits/55/2026,https://media.formula1.com/content/dam/fom-website/2018-redesign-assets/Track%20icons%204x3/Netherlands%20carbon.png,02:00:00,2026-08-21T10:30:00+00:00,2026-08-23T15:00:00+00:00,2026,False
1293,Italian Grand Prix,FORMULA 1 PIRELLI GRAN PREMIO D’ITALIA 2026,Monza,13,ITA,Italy,https://media.formula1.com/content/dam/fom-website/2018-redesign-assets/Flags%2016x9/italy-flag.png,39,Monza,Permanent,https://api.multiviewer.app/api/v1/circuits/39/2026,https://media.formula1.com/content/dam/fom-website/2018-redesign-assets/Track%20icons%204x3/Italy%20carbon.png,02:00:00,2026-09-04T10:30:00+00:00,2026-09-06T15:00:00+00:00,2026,False
1294,Spanish Grand Prix,FORMULA 1 TAG HEUER GRAN PREMIO DE ESPAÑA 2026,Madrid,1,ESP,Spain,https://media.formula1.com/content/dam/fom-website/2018-redesign-assets/Flags%2016x9/spain-flag.png,153,Madring,Temporary - Street,https://api.multiviewer.app/api/v1/circuits/153/2026,https://media.formula1.com/content/dam/fom-website/2018-redesign-assets/Track%20icons%204x3/Spain%20carbon.png,02:00:00,2026-09-11T11:30:00+00:00,2026-09-13T15:00:00+00:00,2026,False
1295,Azerbaijan Grand Prix,FORMULA 1 QATAR AIRWAYS AZERBAIJAN GRAND PRIX 2026,Baku,30,AZE,Azerbaijan,https://media.formula1.com/content/dam/fom-website/2018-redesign-assets/Flags%2016x9/azerbaijan-flag.png,144,Baku,Temporary - Street,https://api.multiviewer.app/api/v1/circuits/144/2026,https://media.formula1.com/content/dam/fom-website/2018-redesign-assets/Track%20icons%204x3/Azerbaijan%20carbon.png,04:00:00,2026-09-24T08:30:00+00:00,2026-09-26T13:00:00+00:00,2026,False
1296,Singapore Grand Prix,FORMULA 1 SINGAPORE AIRLINES SINGAPORE GRAND PRIX 2026,Marina Bay,157,SGP,Singapore,https://media.formula1.com/content/dam/fom-website/2018-redesign-assets/Flags%2016x9/singapore-flag.png,61,Singapore,Temporary - Street,https://api.multiviewer.app/api/v1/circuits/61/2026,https://media.formula1.com/content/dam/fom-website/2018-redesign-assets/Track%20icons%204x3/Singapore%20carbon.png,08:00:00,2026-10-09T08:30:00+00:00,2026-10-11T14:00:00+00:00,2026,False
1297,United States Grand Prix,FORMULA 1 MSC CRUISES UNITED STATES GRAND PRIX 2026,Austin,19,USA,United States,https://media.formula1.com/content/dam/fom-website/2018-redesign-assets/Flags%2016x9/united-states-flag.png,9,Austin,Permanent,https://api.multiviewer.app/api/v1/circuits/9/2026,https://media.formula1.com/content/dam/fom-website/2018-redesign-assets/Track%20icons%204x3/United States%20carbon.png,-05:00:00,2026-10-23T17:30:00+00:00,2026-10-25T22:00:00+00:00,2026,False
1298,Mexico City Grand Prix,FORMULA 1 GRAN PREMIO DE LA CIUDAD DE MÉXICO 2026,Mexico City,8,MEX,Mexico,https://media.formula1.com/content/dam/fom-website/2018-redesign-assets/Flags%2016x9/mexico-flag.png,65,Mexico City,Permanent,https://api.multiviewer.app/api/v1/circuits/65/2026,https://media.formula1.com/content/dam/fom-website/2018-redesign-assets/Track%20icons%204x3/Mexico%20carbon.png,-06:00:00,2026-10-30T18:30:00+00:00,2026-11-01T22:00:00+00:00,2026,False
1299,São Paulo Grand Prix,FORMULA 1 MSC CRUISES GRANDE PRÊMIO DE SÃO PAULO 2026,São Paulo,10,BRA,Brazil,https://media.formula1.com/content/dam/fom-website/2018-redesign-assets/Flags%2016x9/brazil-flag.png,14,Interlagos,Permanent,https://api.multiviewer.app/api/v1/circuits/14/2026,https://media.formula1.com/content/dam/fom-website/2018-redesign-assets/Track%20icons%204x3/Brazil%20carbon.png,-03:00:00,2026-11-06T15:30:00+00:00,2026-11-08T19:00:00+00:00,2026,False
1300,Las Vegas Grand Prix,FORMULA 1 HEINEKEN LAS VEGAS GRAND PRIX 2026,Las Vegas,19,USA,United States,https://media.formula1.com/content/dam/fom-website/2018-redesign-assets/Flags%2016x9/united-states-flag.png,152,Las Vegas,Temporary - Street,https://api.multiviewer.app/api/v1/circuits/152/2026,https://media.formula1.com/content/dam/fom-website/2018-redesign-assets/Track%20icons%204x3/Las Vegas%20carbon.png,-08:00:00,2026-11-20T00:30:00+00:00,2026-11-22T06:00:00+00:00,2026,False
1301,Qatar Grand Prix,FORMULA 1 QATAR AIRWAYS QATAR GRAND PRIX 2026,Lusail,149,QAT,Qatar,https://media.formula1.com/content/dam/fom-website/2018-redesign-assets/Flags%2016x9/qatar-flag.png,150,Lusail,Permanent,https://api.multiviewer.app/api/v1/circuits/150/2026,https://media.formula1.com/content/dam/fom-website/2018-redesign-assets/Track%20icons%204x3/Qatar%20carbon.png,03:00:00,2026-11-27T13:30:00+00:00,2026-11-29T18:00:00+00:00,2026,False
1302,Abu Dhabi Grand Prix,FORMULA 1 ETIHAD AIRWAYS ABU DHABI GRAND PRIX 2026,Yas Marina,21,UAE,United Arab Emirates,https://media.formula1.com/content/dam/fom-website/2018-redesign-assets/Flags%2016x9/united-arab-emirates-flag.png,70,Yas Marina Circuit,Permanent,https://api.multiviewer.app/api/v1/circuits/70/2026,https://media.formula1.com/content/dam/fom-website/2018-redesign-assets/Track%20icons%204x3/Abu Dhabi%20carbon.png,04:00:00,2026-12-04T09:30:00+00:00,2026-12-06T15:00:00+00:00,2026,False
