raceId,name,lap_time_x,lap_time_y
900,Australian Grand Prix,26.27906687336605,100.36624498416052
901,Malaysian Grand Prix,7.265143497418646,110.0750418367347
902,Bahrain Grand Prix,10.810877333262752,105.86346540880503
903,Chinese Grand Prix,4.914467255839042,105.91076403508771
904,Spanish Grand Prix,4.208738221763068,93.87615503306392
905,Monaco Grand Prix,11.143044948438718,86.1130328125
906,Canadian Grand Prix,13.728243455862582,86.27266950596253
907,Austrian Grand Prix,4.304587955071151,75.59987749483827
908,British Grand Prix,524.1702629372309,180.68168260869564
909,German Grand Prix,7.127409485030426,85.53587099236641
910,Hungarian Grand Prix,14.496344491166123,98.85557259380099
911,Belgian Grand Prix,4.6720954395110565,117.31494172494173
912,Italian Grand Prix,3.7579156422595954,91.25794926199262
913,Singapore Grand Prix,13.827566728581477,121.15202892199824
914,Japanese Grand Prix,176.06785088570172,155.86839273927393
915,Russian Grand Prix,4.136016949929723,105.79680097087379
916,United States Grand Prix,12.5560966191372,108.86456807511736
917,Brazilian Grand Prix,4.350260225328237,77.14511210398051
918,Abu Dhabi Grand Prix,4.607339274109517,109.71498616600792
926,Australian Grand Prix,11.83811110409774,97.06215504978664
927,Malaysian Grand Prix,10.087015461297007,110.6299161358811
928,Chinese Grand Prix,7.958283224699286,107.99315316205534
929,Bahrain Grand Prix,5.85068945854303,102.14304612365063
930,Spanish Grand Prix,4.380282962113631,94.36614251207729
931,Monaco Grand Prix,9.92189834003149,84.53203079076278
932,Canadian Grand Prix,3.629384603238227,80.39610743801653
933,Austrian Grand Prix,13.698689725714742,78.20728342749528
934,British Grand Prix,13.336568353448248,108.00161165048543
936,Hungarian Grand Prix,11.124141493246679,93.50993267023719
937,Belgian Grand Prix,11.190086797875205,119.29594565217393
938,Italian Grand Prix,4.20050975744396,90.37770695187166
939,Singapore Grand Prix,16.17013730508965,121.01776029962546
940,Japanese Grand Prix,5.871595004210473,101.99142802303263
941,Russian Grand Prix,17.926612580784074,111.65881014150943
942,United States Grand Prix,16.32503246268115,120.26210513739545
943,Mexican Grand Prix,9.041321391031037,87.33540919904837
944,Brazilian Grand Prix,3.936720646213776,78.78546194423512
945,Abu Dhabi Grand Prix,4.989419358616305,109.68411519845112
948,Australian Grand Prix,146.7724455218183,115.6142831858407
949,Bahrain Grand Prix,5.3022080439714045,100.44944710578842
950,Chinese Grand Prix,11.237103291768038,107.72079067865904
951,Russian Grand Prix,14.246264418631444,107.19569886947585
952,Spanish Grand Prix,8.38183304419569,93.99002998379254
953,Monaco Grand Prix,18.679766331694573,95.72884008843036
954,Canadian Grand Prix,4.253487497775805,79.7537359591539
955,European Grand Prix,4.466056810265245,111.34816147859922
956,Austrian Grand Prix,10.50116683113279,74.94618290960452
957,British Grand Prix,24.82348626396623,113.4897731958763
958,Hungarian Grand Prix,3.6954627865370657,87.8485612177366
959,German Grand Prix,3.6789204009396914,82.80056073446328
960,Belgian Grand Prix,153.1005939470112,144.2890939153439
961,Italian Grand Prix,26.314653127920472,90.42914215686275
962,Singapore Grand Prix,11.702367686809948,116.02570951156812
963,Malaysian Grand Prix,11.854730632615844,105.91861442307692
964,Japanese Grand Prix,3.881156196102315,99.93042943722944
965,United States Grand Prix,7.360823062482547,107.48171150278293
966,Mexican Grand Prix,6.769120584435187,86.32261189993238
967,Brazilian Grand Prix,292.3327600297868,153.65555417956656
968,Abu Dhabi Grand Prix,4.641017681364329,108.47996230158729
969,Australian Grand Prix,8.234998513014299,91.10588853503185
970,Chinese Grand Prix,19.170568596369943,107.36767552602436
971,Bahrain Grand Prix,10.909372753451885,100.05630734463276
972,Russian Grand Prix,11.950145581907691,103.80556400966184
973,Spanish Grand Prix,7.864069131402841,89.56600631768953
974,Monaco Grand Prix,8.84585487699815,80.75166831683168
975,Canadian Grand Prix,11.289550555607741,81.12652133105802
976,Azerbaijan Grand Prix,197.29703809609686,149.32475
977,Austrian Grand Prix,3.156361665707229,70.44501169590643
978,British Grand Prix,11.210019596806388,97.78081439820022
979,Hungarian Grand Prix,11.54771519033929,87.07852509960159
980,Belgian Grand Prix,15.325554006346227,116.33654358974358
981,Italian Grand Prix,3.957031604461261,87.4236073926074
982,Singapore Grand Prix,26.074836162705832,130.15912071005917
983,Malaysian Grand Prix,3.445659191866594,98.4763115234375
984,Japanese Grand Prix,11.004142155694622,100.7071278280543
985,United States Grand Prix,3.767411238772307,102.3140332261522
986,Mexican Grand Prix,5.490149377588855,83.24202204081632
987,Brazilian Grand Prix,13.580550429193627,78.54167694944302
988,Abu Dhabi Grand Prix,3.572996766924194,104.87302521823473
989,Australian Grand Prix,10.615771660886315,93.2580576307364
990,Bahrain Grand Prix,6.91019102584141,98.67689769307924
991,Chinese Grand Prix,11.557627361824693,103.1779802690583
992,Azerbaijan Grand Prix,23.350443299439398,121.7172401902497
993,Spanish Grand Prix,16.48728755226655,89.23264173228347
994,Monaco Grand Prix,4.605666977422418,79.8577495042961
995,Canadian Grand Prix,11.267494754824348,79.53820558375635
996,French Grand Prix,15.7575188674384,103.98457267759564
997,Austrian Grand Prix,4.460987953085997,70.74509523809523
998,British Grand Prix,14.99471466597193,101.2081258351893
999,German Grand Prix,10.275362439359895,83.21108000000001
1000,Hungarian Grand Prix,3.958142849185959,85.05430162601625
1001,Belgian Grand Prix,24.00216541919376,116.91171594202899
1002,Italian Grand Prix,10.50177396241689,88.63380972972973
1003,Singapore Grand Prix,13.598034621799032,111.64222008733624
1004,Russian Grand Prix,4.643857583801129,101.25453375527425
1005,Japanese Grand Prix,12.974261210999865,100.93849487704918
1006,United States Grand Prix,6.506068633051687,102.93562620837808
1007,Mexican Grand Prix,6.444478099405663,85.64042431561997
1008,Brazilian Grand Prix,3.1984388710604024,74.91537253414263
1009,Abu Dhabi Grand Prix,15.157091898049613,111.00637206823028
1010,Australian Grand Prix,4.279495719137215,90.42098265895953
1011,Bahrain Grand Prix,8.041472837573474,100.35592691951896
1012,Chinese Grand Prix,5.412732919533624,100.89712045889102
1013,Azerbaijan Grand Prix,6.980738838926325,110.31268743400211
1014,Spanish Grand Prix,12.068851371549187,87.55753924646781
1015,Monaco Grand Prix,7.184807470575473,80.58734654130288
1016,Canadian Grand Prix,3.246252122100716,78.02366946564885
1017,French Grand Prix,4.155860590277442,97.77185907335907
1018,Austrian Grand Prix,2.7821792215212966,70.58727123483227
1019,British Grand Prix,10.91348856981597,95.10102738225629
1020,German Grand Prix,15.9658951155868,98.44984155597723
1021,Hungarian Grand Prix,3.2556991931604107,83.52930854197349
1022,Belgian Grand Prix,17.688986320926546,116.42512117346939
1023,Italian Grand Prix,5.567203926701017,87.150301010101
1024,Singapore Grand Prix,17.73802794891835,116.80992685025818
1025,Russian Grand Prix,16.89923927275778,107.04369111111112
1026,Japanese Grand Prix,3.980424675004472,96.64184888438133
1027,Mexican Grand Prix,6.151528076317172,83.37945182481752
1028,United States Grand Prix,4.164615622171674,102.68034757281553
1029,Brazilian Grand Prix,10.878301738421587,78.58284721216509
1030,Abu Dhabi Grand Prix,4.371655214551355,105.01002697674419
1031,Austrian Grand Prix,13.794205459463369,76.53274649122808
1032,Styrian Grand Prix,8.447074788357163,71.366455954323
1033,Hungarian Grand Prix,7.200723472399925,84.21076940467219
1034,British Grand Prix,21.45493175851319,102.45777988826816
1035,70th Anniversary Grand Prix,4.262738231995253,93.38448975609757
1036,Spanish Grand Prix,3.8256729715105107,85.3050070643642
1037,Belgian Grand Prix,16.161843497489972,115.83679112271541
1038,Italian Grand Prix,214.4533989818811,121.092
1039,Tuscan Grand Prix,245.6110839223854,141.40524550128535
1040,Russian Grand Prix,20.209945360352535,108.12807505285413
1041,Eifel Grand Prix,10.029170141337062,96.28174041297935
1042,Portuguese Grand Prix,4.546807581048614,83.51684860248447
1043,Emilia Romagna Grand Prix,12.532760532692572,84.14757180851063
1044,Turkish Grand Prix,9.934274300411106,108.18039219330855
1045,Bahrain Grand Prix,169.14093009565855,128.5092627952756
1046,Sakhir Grand Prix,10.499494942289994,63.15025930764207
1047,Abu Dhabi Grand Prix,11.290808268274294,107.03939693192713
1051,Qatar Grand Prix,5.555480999670286,90.76527158273382
1052,Bahrain Grand Prix,11.146757069901183,100.32285282651073
1053,Emilia Romagna Grand Prix,189.7164074284774,117.2083362989324
1054,Portuguese Grand Prix,12.159189967502124,87.31556591639871
1055,Spanish Grand Prix,8.162403592587044,86.32577929373997
1056,Monaco Grand Prix,3.054318971543851,77.45793159379407
1057,Azerbaijan Grand Prix,266.88203048993785,151.57206376195538
1058,Styrian Grand Prix,3.6804536094691893,71.21845216049383
1059,French Grand Prix,3.6793029633912515,100.61595908658421
1060,Austrian Grand Prix,7.949566020748971,72.03909131736526
1061,British Grand Prix,297.2254936510269,138.94717750258
1062,Hungarian Grand Prix,183.98763914494984,109.6084240570846
1063,Belgian Grand Prix,12.173995436671781,225.82395000000002
1064,Dutch Grand Prix,3.6248962371030804,77.11578912564292
1065,Italian Grand Prix,16.31630087633251,92.95186951631047
1066,Russian Grand Prix,9.581372126064254,104.6734780487805
1067,Turkish Grand Prix,3.845660401555511,95.8415571054926
1069,United States Grand Prix,4.952664490340841,103.73756417624521
1070,Mexico City Grand Prix,10.27894981624447,85.12855679110406
1071,São Paulo Grand Prix,12.211478401917102,79.61181911764706
1072,Saudi Arabian Grand Prix,229.06923744712577,154.924338882283
1073,Abu Dhabi Grand Prix,12.31833529263229,93.91929258517034
1074,Bahrain Grand Prix,10.013775460576296,103.13485930543187
1075,Saudi Arabian Grand Prix,17.33029260735168,102.40499632352942
1076,Australian Grand Prix,17.54809885880563,92.1359404990403
1077,Emilia Romagna Grand Prix,14.609004480342447,89.18702033598586
1078,Miami Grand Prix,14.088711504593563,99.87937061611375
1079,Spanish Grand Prix,4.53282377018343,90.0716105691057
1080,Monaco Grand Prix,147.8634352856579,110.22984353741496
1081,Azerbaijan Grand Prix,9.15260021013483,112.70917547806523
1082,Canadian Grand Prix,11.092067673494588,82.985412044374
1083,British Grand Prix,442.9144572386586,164.76465721331687
1084,Austrian Grand Prix,4.888207875757863,72.46210355253213
1085,French Grand Prix,10.328507580114985,102.98911437565583
1086,Hungarian Grand Prix,6.140987301642243,86.66092764109986
1087,Belgian Grand Prix,14.417898638587737,118.9666746835443
1088,Dutch Grand Prix,11.829928544032438,80.96139396117901
1089,Italian Grand Prix,11.170511657966857,91.25795872033024
1091,Singapore Grand Prix,16.052593232431956,126.26882678002126
1092,Japanese Grand Prix,82.24700657937802,134.42415476190476
1093,United States Grand Prix,17.710907014168438,110.45672222222223
1094,Mexico City Grand Prix,3.4544869636812656,84.88272786647315
1095,São Paulo Grand Prix,13.865675963465156,83.60228582802549
1096,Abu Dhabi Grand Prix,4.0490254449267225,92.20473052820053
1098,Bahrain Grand Prix,6.1526130746298,100.44593838862559
1099,Saudi Arabian Grand Prix,12.552629219086889,98.77350530785563
1100,Australian Grand Prix,267.8356034230012,147.64893165829147
1101,Azerbaijan Grand Prix,11.143707580889608,110.50256295525494
1102,Miami Grand Prix,2.875777198731635,93.32753866432337
1104,Monaco Grand Prix,10.750310036623215,85.12242564441506
1105,Spanish Grand Prix,3.9819521299614244,81.10397713414635
1106,Canadian Grand Prix,12.331672688146371,81.50654676806083
1107,Austrian Grand Prix,9.175680062334322,73.29362897265337
1108,British Grand Prix,14.869167734151146,98.70538659793814
1109,Hungarian Grand Prix,3.8483337473027315,85.4918642172524
1110,Belgian Grand Prix,3.588781105186031,114.24922085889571
1111,Dutch Grand Prix,275.8573346882186,117.35015063385534
1112,Italian Grand Prix,3.5872342552999212,87.76724921465969
1113,Singapore Grand Prix,12.814318894998262,104.02361623616237
1114,Japanese Grand Prix,85.67341746116843,108.60108863636364
1115,Qatar Grand Prix,14.20786616362535,93.49712935323383
1116,United States Grand Prix,4.131195236570769,103.24989940828402
1117,Mexico City Grand Prix,147.69143634955438,104.34305624999999
1118,São Paulo Grand Prix,182.56121855920438,101.87680018083182
1119,Las Vegas Grand Prix,20.544739404869954,107.75176882290563
1120,Abu Dhabi Grand Prix,3.819758255574401,91.00114261019878
1121,Bahrain Grand Prix,5.3335230908505045,98.12467316209035
1122,Saudi Arabian Grand Prix,15.185708731129292,98.21947333333333
1123,Australian Grand Prix,6.514701436904199,84.54189547738693
1124,Japanese Grand Prix,225.10292929327778,132.76402099447515
1125,Chinese Grand Prix,15.523083250233574,109.14390097087379
1126,Miami Grand Prix,9.516697725147504,96.21074414414414
1127,Emilia Romagna Grand Prix,4.379661787392914,82.7524281098546
1128,Monaco Grand Prix,273.02201443936934,111.78504460665044
1129,Canadian Grand Prix,12.611833756615958,91.45797079715864
1130,Spanish Grand Prix,3.7148624112232884,81.4742854961832
1131,Austrian Grand Prix,4.166734968184046,72.1857309608541
1132,British Grand Prix,7.615887629901275,96.83912812499999
1133,Hungarian Grand Prix,3.4263356166486365,85.14666863468635
1134,Belgian Grand Prix,4.284595397188896,110.14719262782403
1135,Dutch Grand Prix,3.069052018796673,76.82841865357643
1136,Italian Grand Prix,4.224563222929357,85.7898759920635
1137,Azerbaijan Grand Prix,7.789346422535539,110.88708753861998
1138,Singapore Grand Prix,4.336472375470524,99.46100679694138
1139,United States Grand Prix,11.103186163750314,103.31602835538752
1140,Mexico City Grand Prix,13.549911653256524,86.68640807914262
1141,São Paulo Grand Prix,170.62833300851986,110.73407590467785
1142,Las Vegas Grand Prix,4.229034423814846,99.72676652452024
1143,Qatar Grand Prix,21.226942067412402,96.79292864749733
1144,Abu Dhabi Grand Prix,5.912545305082871,91.11729816069699
